[{"Created By": "Test Admin 1", "Product ID": "GTRX1", "Product Name": "GEFORCE RTX 3070", "Manufacturer Name": "Nvidia", "Price": 70000, "Discount": "30%", "Total Stock Available": 10}, {"Created By": "Test Admin 1", "Product ID": "KBC95", "Product Name": "K95", "Manufacturer Name": "Corsair", "Price": 10000, "Discount": "20%", "Total Stock Available": 50}, {"Created By": "Test Admin 2", "Product ID": "STRF1", "Product Name": "Steelseries Rival 600 ", "Manufacturer Name": "Steelseries", "Price": 5000, "Discount": "10%", "Total Stock Available": 100}]